mutation_position,saa_STR,stt_STR,sds_STR,Total,score,RSA,Conserv_score,min dist
Asp120,-1.473926,3.366623,0.856923,2.74962,1.5980326444285713,23.161338,0.3402,19.674386445325304
Ala27,1.4658,-1.538393,-0.474672,-0.5472649999999999,1.5157909642727274,96.059547,-0.1741,44.53844529168031
Leu127,1.31547,-3.07286,-0.247248,-2.004638,1.0922906393,46.049552,0.3492,39.44348010761728
Ala168,1.624324,-2.878406,-0.339436,-1.593518,0.7535278847499999,77.270909,0.9157,25.6652642690466
Ala124,-1.466407,1.667645,-0.733825,-0.5325869999999999,0.7344409906153846,0.0,-0.982,32.83876692264799
Leu189,-2.221125,-2.902633,-3.04572,-8.169478,0.6621534162,0.0,-1.0662,32.61225840079157
Arg172,-1.665001,-1.777151,0.037676,-3.4044760000000003,0.5913666935499998,44.737658,0.6465,34.282022198230955
Glu149,0.605336,4.080866,0.467228,5.15343,0.3580590764375,30.669997,-0.1389,31.9526899180648
Asn115,-0.513503,-1.964063,0.40697,-2.070596,0.2021692231875,39.945405,0.6828,31.81018014724217
Leu92,-0.39294,0.329647,-0.60024,-0.6635329999999999,-0.0347008180833333,19.900337,-0.4391,28.472228732573782
Thr72,0.514686,0.0,-0.074248,0.440438,-0.1177656376666666,64.509147,2.1364,19.58834301312901
Thr88,-0.863625,-3.638425,0.530599,-3.971451,-0.1428708425555555,21.901457,1.708,37.50795886208686
Lys235,-2.021477,0.291602,-0.516345,-2.24622,-0.1450099008181818,66.364662,0.5755,43.77798726529122
Pro33,0.757168,0.0,-0.267477,0.4896909999999999,-0.2467871559444444,75.755382,1.5547,43.18248466681833
Pro38,-0.589563,0.0,0.097798,-0.4917649999999999,-0.29355134045,74.373051,1.3388,42.30430556101825
Thr174,1.391772,0.979191,-0.646709,1.7242540000000002,-0.3200962127222222,0.0,-0.4714,30.08065042514872
Gly199,1.269543,-5.462783,-0.611345,-4.804584999999999,-0.3375743748333333,23.185274,0.3338,32.06815038320733
