mutation_position,saa_STR,stt_STR,sds_STR,Total,score,RSA,Conserv_score,min dist
Leu380,-0.816596,-2.217667,-0.944476,-3.978739,0.54172,0.19695,-0.3214,8.396879956269471
Leu373,-2.577186,-2.580892,-1.579402,-6.73748,0.519565,0.0,-0.6359,7.774274821486568
Leu259,1.233014,2.640479,-0.818099,3.055394,0.308895,22.684185,0.5334,6.369978492899327
Asn83,-1.379412,-1.891238,-0.046188,-3.316838,0.181305,23.360744,-0.6567,23.551980596119726
Val131,-2.840575,-4.661707,-1.510105,-9.012387,0.1670157894736842,0.0,-0.2575,13.430025986572028
Val243,-0.308803,2.92002,-0.76661,1.844607,0.06017,17.16466,-0.1764,18.09134848484214
Asn325,0.458353,-1.397339,0.325028,-0.6139580000000001,0.002185,46.882318,1.6596,19.852143864076744
Leu327,-0.323624,1.06447,-0.900611,-0.159765,-0.0045315789473684,0.0,-0.6012,14.516300389562073
Leu361,1.07271,-1.404978,-0.200347,-0.5326150000000001,-0.0150199999999999,24.664541,2.6998,24.77418349814984
Glu104,0.199844,4.212701,0.504876,4.917421,-0.089575,25.679966,-0.3741,17.899409459532457
Leu286,-2.858117,-0.42919,-2.00164,-5.288947,-0.1894999999999999,0.0,-0.7151,15.57254937381802
Val46,-3.361026,4.716821,-1.123835,0.2319600000000006,-0.1954692307692307,9.547823,0.1412,22.001796790262382
Asn332,-0.622858,-1.688319,0.141006,-2.170171,-0.1978375,19.093351,1.0775,15.702056457674582
Leu101,-0.580843,2.371156,-1.235577,0.5547360000000001,-0.263925,1.136793,0.8783,14.55082578412648
Pro231,1.252877,-3.057951,0.260073,-1.545001,-0.2656105263157895,16.205319,-0.2792,26.584805980108264
Lys355,0.383582,-0.906965,0.07743,-0.445953,-0.27249,17.91427,1.0021,21.33191922917392
Gly360,1.062049,-7.710093,-0.345982,-6.994026,-0.3293849999999999,70.805331,1.4299,28.773736444890154
Leu320,-0.795023,-1.271175,-1.212006,-3.278204,-0.4056333333333333,8.293588,-0.6541,16.70954329118543
