mutation_position,saa_STR,stt_STR,sds_STR,Total,score,RSA,Conserv_score,min dist
Arg108,5.436604,2.900876,0.607837,8.945317,17.979,6.993382,-0.9082,83.66751239280394
Gly162,0.628363,3.863336,-0.275154,4.216545,15.548,0.0,0.0899,91.60179959476778
Glu550,3.414462,-0.243423,1.178215,4.349254,14.723,16.178842,-0.2796,62.35011198867248
Glu762,5.468136,0.569305,1.078268,7.115709000000001,13.976,8.710904,-1.0919,42.84208362113122
Asp775,4.448649,4.291531,1.304229,10.044408999999998,13.115,1.026506,-1.1315,43.12148441322493
Trp690,1.324318,0.603876,-1.561809,0.3663849999999999,12.994000000000002,3.316784,-1.0591,43.026121252095216
Gln545,1.580758,-1.469678,0.629633,0.7407130000000001,12.053,17.72906,0.2807,58.42311291774857
Glu447,0.302217,-2.362297,0.037479,-2.022601,11.550999999999998,61.143218,-0.1055,70.26298910521813
Gln572,0.059803,2.44268,0.167571,2.6700540000000004,10.78,75.481163,0.0492,47.83736754881063
Gly411,-0.639622,5.957521,-0.604653,4.713246,10.043,1.712601,-1.1122,71.41121333516188
Glu890,1.606598,0.102259,0.444398,2.153255,9.804,7.446117,-0.7508,11.362349888997436
Gln455,-2.072559,-1.613814,0.283116,-3.403257,9.545,69.48066,0.1857,58.5111027840016
Glu803,1.201864,-1.439649,0.741529,0.5037440000000001,5.051,26.169336,0.0561,33.7729490717053
Ser153,-0.056477,-0.793622,0.032007,-0.818092,3.971,29.080504,0.854,88.75733171969513
Ala419,-1.634613,-1.152898,-0.023118,-2.8106290000000005,3.048,10.420271,-0.7783,66.47358962776119
Pro131,-0.139194,-1.40427,0.135389,-1.408075,1.4069999999999998,25.452641,1.4496,70.97849174926162
Glu37,1.082999,-2.258099,0.510892,-0.664208,-0.1989999999999999,14.283017,-0.3841,91.00881779805734
Ala821,-1.240493,-2.670432,-1.076118,-4.987043,-1.816,7.181655,-1.075,51.2008547389592
