,mutation_position,saa_STR,stt_STR,sds_STR,Total,score,RSA,Conserv_score,min dist
0,Asp120,-1.473926,3.366623,0.856923,0.91654,1.5980326444285713,23.161338,0.3402,19.674386445325304
1,Ala27,1.4658,-1.538393,-0.474672,-0.18242166666666662,1.5157909642727274,96.059547,-0.1741,44.53844529168031
2,Leu127,1.31547,-3.07286,-0.247248,-0.6682126666666667,1.0922906393,46.049552,0.3492,39.44348010761728
3,Ala168,1.624324,-2.878406,-0.339436,-0.5311726666666666,0.7535278847499999,77.270909,0.9157,25.6652642690466
4,Ala124,-1.466407,1.667645,-0.733825,-0.17752899999999996,0.7344409906153846,0.0,-0.982,32.83876692264799
5,Leu189,-2.221125,-2.902633,-3.04572,-2.7231593333333333,0.6621534162,0.0,-1.0662,32.61225840079157
6,Arg172,-1.665001,-1.777151,0.037676,-1.1348253333333334,0.5913666935499998,44.737658,0.6465,34.282022198230955
7,Glu149,0.605336,4.080866,0.467228,1.71781,0.3580590764375,30.669997,-0.1389,31.9526899180648
8,Asn115,-0.513503,-1.964063,0.40697,-0.6901986666666667,0.2021692231875,39.945405,0.6828,31.81018014724217
9,Leu92,-0.39294,0.329647,-0.60024,-0.22117766666666663,-0.0347008180833333,19.900337,-0.4391,28.472228732573782
10,Thr72,0.514686,0.0,-0.074248,0.14681266666666667,-0.1177656376666666,64.509147,2.1364,19.58834301312901
11,Thr88,-0.863625,-3.638425,0.530599,-1.323817,-0.1428708425555555,21.901457,1.708,37.50795886208686
12,Lys235,-2.021477,0.291602,-0.516345,-0.7487400000000001,-0.1450099008181818,66.364662,0.5755,43.77798726529122
13,Pro33,0.757168,0.0,-0.267477,0.16323033333333328,-0.2467871559444444,75.755382,1.5547,43.18248466681833
14,Pro38,-0.589563,0.0,0.097798,-0.16392166666666663,-0.29355134045,74.373051,1.3388,42.30430556101825
15,Thr174,1.391772,0.979191,-0.646709,0.5747513333333334,-0.3200962127222222,0.0,-0.4714,30.08065042514872
16,Gly199,1.269543,-5.462783,-0.611345,-1.6015283333333332,-0.3375743748333333,23.185274,0.3338,32.06815038320733
