,mutation_position,saa_STR,stt_STR,sds_STR,Total,score,RSA,Conserv_score,min dist
0,Leu380,-0.816596,-2.217667,-0.944476,-1.3262463333333334,0.54172,0.19695,-0.3214,8.396879956269471
1,Leu373,-2.577186,-2.580892,-1.579402,-2.2458266666666664,0.519565,0.0,-0.6359,7.774274821486568
2,Leu259,1.233014,2.640479,-0.818099,1.0184646666666668,0.308895,22.684185,0.5334,6.369978492899327
3,Asn83,-1.379412,-1.891238,-0.046188,-1.1056126666666668,0.181305,23.360744,-0.6567,23.551980596119726
4,Val131,-2.840575,-4.661707,-1.510105,-3.0041290000000003,0.1670157894736842,0.0,-0.2575,13.430025986572028
5,Val243,-0.308803,2.92002,-0.76661,0.614869,0.06017,17.16466,-0.1764,18.09134848484214
6,Asn325,0.458353,-1.397339,0.325028,-0.2046526666666667,0.002185,46.882318,1.6596,19.852143864076744
7,Leu327,-0.323624,1.06447,-0.900611,-0.053255,-0.0045315789473684,0.0,-0.6012,14.516300389562073
8,Leu361,1.07271,-1.404978,-0.200347,-0.17753833333333335,-0.0150199999999999,24.664541,2.6998,24.77418349814984
9,Glu104,0.199844,4.212701,0.504876,1.6391403333333334,-0.089575,25.679966,-0.3741,17.899409459532457
10,Leu286,-2.858117,-0.42919,-2.00164,-1.7629823333333334,-0.1894999999999999,0.0,-0.7151,15.57254937381802
11,Val46,-3.361026,4.716821,-1.123835,0.07732000000000021,-0.1954692307692307,9.547823,0.1412,22.001796790262382
12,Asn332,-0.622858,-1.688319,0.141006,-0.7233903333333332,-0.1978375,19.093351,1.0775,15.702056457674582
13,Leu101,-0.580843,2.371156,-1.235577,0.18491200000000005,-0.263925,1.136793,0.8783,14.55082578412648
14,Pro231,1.252877,-3.057951,0.260073,-0.5150003333333334,-0.2656105263157895,16.205319,-0.2792,26.584805980108264
15,Lys355,0.383582,-0.906965,0.07743,-0.148651,-0.27249,17.91427,1.0021,21.33191922917392
16,Gly360,1.062049,-7.710093,-0.345982,-2.331342,-0.3293849999999999,70.805331,1.4299,28.773736444890154
17,Leu320,-0.795023,-1.271175,-1.212006,-1.0927346666666666,-0.4056333333333333,8.293588,-0.6541,16.70954329118543
