mutation_position,score
Arg108,17.979
Gly162,15.548
Glu550,14.722999999999999
Glu1051,14.664000000000001
Glu762,13.975999999999999
Asp775,13.115
Trp690,12.994000000000002
Ser1062,12.395
Gln545,12.052999999999999
Glu447,11.550999999999998
Gln572,10.78
Gln1143,10.488
Gly411,10.043
Glu890,9.804
Gln455,9.545
Gln1135,8.151
Glu803,5.051
Ser153,3.971
Ala419,3.048
Pro131,1.4069999999999998
Glu37,-0.19899999999999998
Ala821,-1.8159999999999998
Arg1103,-3.963
Met1099,-4.413
